[
	{
		"Actor_ID" : 0,
		"Name" : "Marlon Brando",
		"Recording_ID" : 3000
	},
	{
		"Actor_ID" : 1,
		"Name" : "Martin Sheen",
		"Recording_ID" : 3000
	},
	{
		"Actor_ID" : 2,
		"Name" : "Robert Duvall",
		"Recording_ID" : 3000
	},
	{
		"Actor_ID" : 3,
		"Name" : "Frederic Forrest",
		"Recording_ID" : 3000
	},
	{
		"Actor_ID" : 4,
		"Name" : "Dennis Hopper",
		"Recording_ID" : 3000
	},
	{
		"Actor_ID" : 5,
		"Name" : "Scott Glenn",
		"Recording_ID" : 3000
	},
	{
		"Actor_ID" : 6,
		"Name" : "Harrison Ford",
		"Recording_ID" : 3000
	},
	{
		"Actor_ID" : 7,
		"Name" : "Laurence Fishburne",
		"Recording_ID" : 3000
	},
	{
		"Actor_ID" : 8,
		"Name" : "Sam Bottoms",
		"Recording_ID" : 3000
	},
	{
		"Actor_ID" : 9,
		"Name" : "Will Smith",
		"Recording_ID" : 3001
	},
	{
		"Actor_ID" : 10,
		"Name" : "Martin Lawrence",
		"Recording_ID" : 3001
	},
	{
		"Actor_ID" : 11,
		"Name" : "Tea Leoni",
		"Recording_ID" : 3001
	},
	{
		"Actor_ID" : 12,
		"Name" : "Theresa Randle",
		"Recording_ID" : 3001
	},
	{
		"Actor_ID" : 13,
		"Name" : "Tcheky Karyo",
		"Recording_ID" : 3001
	},
	{
		"Actor_ID" : 14,
		"Name" : "Joe Pantoliano",
		"Recording_ID" : 3001
	},
	{
		"Actor_ID" : 15,
		"Name" : "Lisa Boyle",
		"Recording_ID" : 3001
	},
	{
		"Actor_ID" : 16,
		"Name" : "Mel Gibson",
		"Recording_ID" : 3002
	},
	{
		"Actor_ID" : 17,
		"Name" : "Patrick McGoohan",
		"Recording_ID" : 3002
	},
	{
		"Actor_ID" : 18,
		"Name" : "Sophie Marceau",
		"Recording_ID" : 3002
	},
	{
		"Actor_ID" : 19,
		"Name" : "Catherine McCormack",
		"Recording_ID" : 3002
	},
	{
		"Actor_ID" : 20,
		"Name" : "Robert Duvall",
		"Recording_ID" : 3003
	},
	{
		"Actor_ID" : 21,
		"Name" : "Tea Leoni",
		"Recording_ID" : 3003
	},
	{
		"Actor_ID" : 22,
		"Name" : "Morgan Freeman",
		"Recording_ID" : 3003
	},
	{
		"Actor_ID" : 23,
		"Name" : "Rudy Ray Moore",
		"Recording_ID" : 3004
	},
	{
		"Actor_ID" : 24,
		"Name" : "Carol Speed",
		"Recording_ID" : 3004
	},
	{
		"Actor_ID" : 25,
		"Name" : "Jerry Jones",
		"Recording_ID" : 3004
	},
	{
		"Actor_ID" : 26,
		"Name" : "Lady Reed",
		"Recording_ID" : 3004
	},
	{
		"Actor_ID" : 27,
		"Name" : "Jimmy Lynch",
		"Recording_ID" : 3004
	},
	{
		"Actor_ID" : 28,
		"Name" : "Matthew Modine",
		"Recording_ID" : 3005
	},
	{
		"Actor_ID" : 29,
		"Name" : "Adam Baldwin",
		"Recording_ID" : 3005
	},
	{
		"Actor_ID" : 30,
		"Name" : "R. Lee Erney",
		"Recording_ID" : 3005
	},
	{
		"Actor_ID" : 31,
		"Name" : "Ed O`Ross",
		"Recording_ID" : 3005
	},
	{
		"Actor_ID" : 32,
		"Name" : "Arliss Howard",
		"Recording_ID" : 3005
	},
	{
		"Actor_ID" : 33,
		"Name" : "Dorian Harewood",
		"Recording_ID" : 3005
	},
	{
		"Actor_ID" : 34,
		"Name" : "Kevyn Major Howard",
		"Recording_ID" : 3005
	},
	{
		"Actor_ID" : 35,
		"Name" : "Vincent D`Onofrio",
		"Recording_ID" : 3005
	},
	{
		"Actor_ID" : 36,
		"Name" : "Will Smith",
		"Recording_ID" : 3006
	},
	{
		"Actor_ID" : 37,
		"Name" : "Jeff Goldblum",
		"Recording_ID" : 3006
	},
	{
		"Actor_ID" : 38,
		"Name" : "Bill Pullman",
		"Recording_ID" : 3006
	},
	{
		"Actor_ID" : 39,
		"Name" : "Margaret Colin",
		"Recording_ID" : 3006
	},
	{
		"Actor_ID" : 40,
		"Name" : "Judd Hirsch",
		"Recording_ID" : 3006
	},
	{
		"Actor_ID" : 41,
		"Name" : "Randy Quaid",
		"Recording_ID" : 3006
	},
	{
		"Actor_ID" : 42,
		"Name" : "Vivica A. Fox",
		"Recording_ID" : 3006
	},
	{
		"Actor_ID" : 43,
		"Name" : "Mary McDonnell",
		"Recording_ID" : 3006
	},
	{
		"Actor_ID" : 44,
		"Name" : "James Rebhorn",
		"Recording_ID" : 3006
	},
	{
		"Actor_ID" : 45,
		"Name" : "Harvey Fierstein",
		"Recording_ID" : 3006
	},
	{
		"Actor_ID" : 46,
		"Name" : "Robert Loggia",
		"Recording_ID" : 3006
	},
	{
		"Actor_ID" : 47,
		"Name" : "Harry Connick Jr.",
		"Recording_ID" : 3006
	},
	{
		"Actor_ID" : 48,
		"Name" : "Sean Connery",
		"Recording_ID" : 3007
	},
	{
		"Actor_ID" : 49,
		"Name" : "Alec Baldwin",
		"Recording_ID" : 3007
	},
	{
		"Actor_ID" : 50,
		"Name" : "Scott Glenn",
		"Recording_ID" : 3007
	},
	{
		"Actor_ID" : 51,
		"Name" : "James Earl Jones",
		"Recording_ID" : 3007
	},
	{
		"Actor_ID" : 52,
		"Name" : "Sam Neill",
		"Recording_ID" : 3007
	},
	{
		"Actor_ID" : 53,
		"Name" : "Tim Curry",
		"Recording_ID" : 3007
	},
	{
		"Actor_ID" : 54,
		"Name" : "Nicolas Cage",
		"Recording_ID" : 3008
	},
	{
		"Actor_ID" : 55,
		"Name" : "Sean Connery",
		"Recording_ID" : 3008
	},
	{
		"Actor_ID" : 56,
		"Name" : "Ed Harris",
		"Recording_ID" : 3008
	},
	{
		"Actor_ID" : 57,
		"Name" : "Michael Biehn",
		"Recording_ID" : 3008
	},
	{
		"Actor_ID" : 58,
		"Name" : "William Forsythe",
		"Recording_ID" : 3008
	},
	{
		"Actor_ID" : 59,
		"Name" : "David Morse",
		"Recording_ID" : 3008
	},
	{
		"Actor_ID" : 60,
		"Name" : "John C. McGinley",
		"Recording_ID" : 3008
	},
	{
		"Actor_ID" : 61,
		"Name" : "Bokeem Woodbine",
		"Recording_ID" : 3008
	},
	{
		"Actor_ID" : 62,
		"Name" : "Vanessa Marcil",
		"Recording_ID" : 3008
	},
	{
		"Actor_ID" : 63,
		"Name" : "Claire Forlani",
		"Recording_ID" : 3008
	},
	{
		"Actor_ID" : 64,
		"Name" : "Tom Cruise",
		"Recording_ID" : 3009
	},
	{
		"Actor_ID" : 65,
		"Name" : "Kelly McGillis",
		"Recording_ID" : 3009
	},
	{
		"Actor_ID" : 66,
		"Name" : "Anthony Edwards",
		"Recording_ID" : 3009
	},
	{
		"Actor_ID" : 67,
		"Name" : "Val Kilmer",
		"Recording_ID" : 3009
	},
	{
		"Actor_ID" : 68,
		"Name" : "Tim Robbins",
		"Recording_ID" : 3009
	},
	{
		"Actor_ID" : 69,
		"Name" : "Meg Ryan",
		"Recording_ID" : 3009
	},
	{
		"Actor_ID" : 70,
		"Name" : "Tom Skerritt",
		"Recording_ID" : 3009
	},
	{
		"Actor_ID" : 71,
		"Name" : "Whip Hubley",
		"Recording_ID" : 3009
	},
	{
		"Actor_ID" : 72,
		"Name" : "Michael Ironside",
		"Recording_ID" : 3009
	},
	{
		"Actor_ID" : 73,
		"Name" : "Rick Rossovich",
		"Recording_ID" : 3009
	},
	{
		"Actor_ID" : 74,
		"Name" : "John Stockwell",
		"Recording_ID" : 3009
	},
	{
		"Actor_ID" : 75,
		"Name" : "Barry Tubb",
		"Recording_ID" : 3009
	},
	{
		"Actor_ID" : 76,
		"Name" : "James Tolkan",
		"Recording_ID" : 3009
	},
	{
		"Actor_ID" : 77,
		"Name" : "Adrian Pasdar",
		"Recording_ID" : 3009
	},
	{
		"Actor_ID" : 78,
		"Name" : "Mike Myers",
		"Recording_ID" : 3010
	},
	{
		"Actor_ID" : 79,
		"Name" : "Elizabeth Hurley",
		"Recording_ID" : 3010
	},
	{
		"Actor_ID" : 80,
		"Name" : "Michael York",
		"Recording_ID" : 3010
	},
	{
		"Actor_ID" : 81,
		"Name" : "Mimi Rogers",
		"Recording_ID" : 3010
	},
	{
		"Actor_ID" : 82,
		"Name" : "Robert Wagner",
		"Recording_ID" : 3010
	},
	{
		"Actor_ID" : 83,
		"Name" : "Seth Green",
		"Recording_ID" : 3010
	},
	{
		"Actor_ID" : 84,
		"Name" : "Fabiana Udenio",
		"Recording_ID" : 3010
	},
	{
		"Actor_ID" : 85,
		"Name" : "Mindy Sterling",
		"Recording_ID" : 3010
	},
	{
		"Actor_ID" : 86,
		"Name" : "Paul Dillon",
		"Recording_ID" : 3010
	},
	{
		"Actor_ID" : 87,
		"Name" : "Chevy Chase",
		"Recording_ID" : 3011
	},
	{
		"Actor_ID" : 88,
		"Name" : "Rodney Dangerfield",
		"Recording_ID" : 3011
	},
	{
		"Actor_ID" : 89,
		"Name" : "Bill Murray",
		"Recording_ID" : 3011
	},
	{
		"Actor_ID" : 90,
		"Name" : "Michael O`Keefe",
		"Recording_ID" : 3011
	},
	{
		"Actor_ID" : 91,
		"Name" : "Ted Knight",
		"Recording_ID" : 3011
	},
	{
		"Actor_ID" : 92,
		"Name" : "Richard Pryor",
		"Recording_ID" : 3012
	},
	{
		"Actor_ID" : 93,
		"Name" : "Irwin Corey",
		"Recording_ID" : 3012
	},
	{
		"Actor_ID" : 94,
		"Name" : "Ivan Dixon",
		"Recording_ID" : 3012
	},
	{
		"Actor_ID" : 95,
		"Name" : "Tracy Reed",
		"Recording_ID" : 3012
	},
	{
		"Actor_ID" : 96,
		"Name" : "Richard Brestoff",
		"Recording_ID" : 3012
	},
	{
		"Actor_ID" : 97,
		"Name" : "Bill Duke",
		"Recording_ID" : 3012
	},
	{
		"Actor_ID" : 98,
		"Name" : "Sully Boyar",
		"Recording_ID" : 3012
	},
	{
		"Actor_ID" : 99,
		"Name" : "Antonio Fargas",
		"Recording_ID" : 3012
	},
	{
		"Actor_ID" : 100,
		"Name" : "George Carlin",
		"Recording_ID" : 3012
	},
	{
		"Actor_ID" : 101,
		"Name" : "Melanie Mayron",
		"Recording_ID" : 3012
	},
	{
		"Actor_ID" : 102,
		"Name" : "Alfre Woodard",
		"Recording_ID" : 3013
	},
	{
		"Actor_ID" : 103,
		"Name" : "Delroy Lindo",
		"Recording_ID" : 3013
	},
	{
		"Actor_ID" : 104,
		"Name" : "David Patrick Kelly",
		"Recording_ID" : 3013
	},
	{
		"Actor_ID" : 105,
		"Name" : "Zelda Harris",
		"Recording_ID" : 3013
	},
	{
		"Actor_ID" : 106,
		"Name" : "Spike Lee",
		"Recording_ID" : 3013
	},
	{
		"Actor_ID" : 107,
		"Name" : "Joie Lee",
		"Recording_ID" : 3013
	},
	{
		"Actor_ID" : 108,
		"Name" : "RuPaul",
		"Recording_ID" : 3013
	},
	{
		"Actor_ID" : 109,
		"Name" : "Jose Zuniga",
		"Recording_ID" : 3013
	},
	{
		"Actor_ID" : 110,
		"Name" : "Rudy Ray Moore",
		"Recording_ID" : 3014
	},
	{
		"Actor_ID" : 111,
		"Name" : "Jerry Jones",
		"Recording_ID" : 3014
	},
	{
		"Actor_ID" : 112,
		"Name" : "Lady Reed",
		"Recording_ID" : 3014
	},
	{
		"Actor_ID" : 113,
		"Name" : "Jim Carrey",
		"Recording_ID" : 3015
	},
	{
		"Actor_ID" : 114,
		"Name" : "Jeff Daniels",
		"Recording_ID" : 3015
	},
	{
		"Actor_ID" : 115,
		"Name" : "Lauren Holly",
		"Recording_ID" : 3015
	},
	{
		"Actor_ID" : 116,
		"Name" : "Karen Duffy",
		"Recording_ID" : 3015
	},
	{
		"Actor_ID" : 117,
		"Name" : "Mike Starr",
		"Recording_ID" : 3015
	},
	{
		"Actor_ID" : 118,
		"Name" : "Charles Rocket",
		"Recording_ID" : 3015
	},
	{
		"Actor_ID" : 119,
		"Name" : "Teri Garr",
		"Recording_ID" : 3015
	},
	{
		"Actor_ID" : 120,
		"Name" : "Monty Python",
		"Recording_ID" : 3016
	},
	{
		"Actor_ID" : 121,
		"Name" : "Graham Chapman",
		"Recording_ID" : 3016
	},
	{
		"Actor_ID" : 122,
		"Name" : "Terry Gilliam",
		"Recording_ID" : 3016
	},
	{
		"Actor_ID" : 123,
		"Name" : "Connie Booth",
		"Recording_ID" : 3016
	},
	{
		"Actor_ID" : 124,
		"Name" : "Carol Cleveland",
		"Recording_ID" : 3016
	},
	{
		"Actor_ID" : 125,
		"Name" : "Bee Duffell",
		"Recording_ID" : 3016
	},
	{
		"Actor_ID" : 126,
		"Name" : "John Young",
		"Recording_ID" : 3016
	},
	{
		"Actor_ID" : 127,
		"Name" : "Terry Jones",
		"Recording_ID" : 3016
	},
	{
		"Actor_ID" : 128,
		"Name" : "Robin Williams",
		"Recording_ID" : 3017
	},
	{
		"Actor_ID" : 129,
		"Name" : "Sally Field",
		"Recording_ID" : 3017
	},
	{
		"Actor_ID" : 130,
		"Name" : "Pierce Brosnan",
		"Recording_ID" : 3017
	},
	{
		"Actor_ID" : 131,
		"Name" : "Harvey Fierstein",
		"Recording_ID" : 3017
	},
	{
		"Actor_ID" : 132,
		"Name" : "Robert Prosky",
		"Recording_ID" : 3017
	},
	{
		"Actor_ID" : 133,
		"Name" : "Mara Wilson",
		"Recording_ID" : 3017
	},
	{
		"Actor_ID" : 134,
		"Name" : "John Belushi",
		"Recording_ID" : 3018
	},
	{
		"Actor_ID" : 135,
		"Name" : "Dan Aykroyd",
		"Recording_ID" : 3018
	},
	{
		"Actor_ID" : 136,
		"Name" : "James Brown",
		"Recording_ID" : 3018
	},
	{
		"Actor_ID" : 137,
		"Name" : "Cab Colloway",
		"Recording_ID" : 3018
	},
	{
		"Actor_ID" : 138,
		"Name" : "Ray Charles",
		"Recording_ID" : 3018
	},
	{
		"Actor_ID" : 139,
		"Name" : "Kathleen Freeman",
		"Recording_ID" : 3018
	},
	{
		"Actor_ID" : 140,
		"Name" : "Carrie Fisher",
		"Recording_ID" : 3018
	},
	{
		"Actor_ID" : 141,
		"Name" : "Henry Gibson",
		"Recording_ID" : 3018
	},
	{
		"Actor_ID" : 142,
		"Name" : "Steven Spielberg",
		"Recording_ID" : 3018
	},
	{
		"Actor_ID" : 143,
		"Name" : "Eddie Murphy",
		"Recording_ID" : 3019
	},
	{
		"Actor_ID" : 144,
		"Name" : "Jada Pinkett-Smith",
		"Recording_ID" : 3019
	},
	{
		"Actor_ID" : 145,
		"Name" : "John Ales",
		"Recording_ID" : 3019
	},
	{
		"Actor_ID" : 146,
		"Name" : "Jamal Mixon",
		"Recording_ID" : 3019
	},
	{
		"Actor_ID" : 147,
		"Name" : "James Coburn",
		"Recording_ID" : 3019
	},
	{
		"Actor_ID" : 148,
		"Name" : "Sean Penn",
		"Recording_ID" : 3020
	},
	{
		"Actor_ID" : 149,
		"Name" : "Timothy Hutton",
		"Recording_ID" : 3020
	},
	{
		"Actor_ID" : 150,
		"Name" : "Lori Singer",
		"Recording_ID" : 3020
	},
	{
		"Actor_ID" : 151,
		"Name" : "Pat Hingle",
		"Recording_ID" : 3020
	},
	{
		"Actor_ID" : 152,
		"Name" : "Jennifer Runyon",
		"Recording_ID" : 3020
	},
	{
		"Actor_ID" : 153,
		"Name" : "Tom Hanks",
		"Recording_ID" : 3021
	},
	{
		"Actor_ID" : 154,
		"Name" : "Robin Wright",
		"Recording_ID" : 3021
	},
	{
		"Actor_ID" : 155,
		"Name" : "Gary Sinise",
		"Recording_ID" : 3021
	},
	{
		"Actor_ID" : 156,
		"Name" : "Mykelti Williamson",
		"Recording_ID" : 3021
	},
	{
		"Actor_ID" : 157,
		"Name" : "Sally Field",
		"Recording_ID" : 3021
	},
	{
		"Actor_ID" : 158,
		"Name" : "Patrick Swayze",
		"Recording_ID" : 3022
	},
	{
		"Actor_ID" : 159,
		"Name" : "Demi Moore",
		"Recording_ID" : 3022
	},
	{
		"Actor_ID" : 160,
		"Name" : "Whoopi Goldberg",
		"Recording_ID" : 3022
	},
	{
		"Actor_ID" : 161,
		"Name" : "Vincent Schiavelli",
		"Recording_ID" : 3022
	},
	{
		"Actor_ID" : 162,
		"Name" : "Rick Aviles",
		"Recording_ID" : 3022
	},
	{
		"Actor_ID" : 163,
		"Name" : "Vivien Leigh",
		"Recording_ID" : 3023
	},
	{
		"Actor_ID" : 164,
		"Name" : "Clark Gable",
		"Recording_ID" : 3023
	},
	{
		"Actor_ID" : 165,
		"Name" : "Olivia de Havilland",
		"Recording_ID" : 3023
	},
	{
		"Actor_ID" : 166,
		"Name" : "Hattie McDaniel",
		"Recording_ID" : 3023
	},
	{
		"Actor_ID" : 167,
		"Name" : "Leslie Howard",
		"Recording_ID" : 3023
	},
	{
		"Actor_ID" : 168,
		"Name" : "Thomas Mitchell",
		"Recording_ID" : 3023
	},
	{
		"Actor_ID" : 169,
		"Name" : "Barbara O`Neil",
		"Recording_ID" : 3023
	},
	{
		"Actor_ID" : 170,
		"Name" : "Robin Williams",
		"Recording_ID" : 3024
	},
	{
		"Actor_ID" : 171,
		"Name" : "Matt Damon",
		"Recording_ID" : 3024
	},
	{
		"Actor_ID" : 172,
		"Name" : "Ben Affleck",
		"Recording_ID" : 3024
	},
	{
		"Actor_ID" : 173,
		"Name" : "Minnie Driver",
		"Recording_ID" : 3024
	},
	{
		"Actor_ID" : 174,
		"Name" : "Stellan Skarsgard",
		"Recording_ID" : 3024
	},
	{
		"Actor_ID" : 175,
		"Name" : "Casey Affleck",
		"Recording_ID" : 3024
	},
	{
		"Actor_ID" : 176,
		"Name" : "Cole Hauser",
		"Recording_ID" : 3024
	},
	{
		"Actor_ID" : 177,
		"Name" : "John Mighton",
		"Recording_ID" : 3024
	},
	{
		"Actor_ID" : 178,
		"Name" : "Janet Jackson",
		"Recording_ID" : 3025
	},
	{
		"Actor_ID" : 179,
		"Name" : "Tupac Shakur",
		"Recording_ID" : 3025
	},
	{
		"Actor_ID" : 180,
		"Name" : "Tyra Ferrell",
		"Recording_ID" : 3025
	},
	{
		"Actor_ID" : 181,
		"Name" : "Regina King",
		"Recording_ID" : 3025
	},
	{
		"Actor_ID" : 182,
		"Name" : "Joe Torry",
		"Recording_ID" : 3025
	},
	{
		"Actor_ID" : 183,
		"Name" : "Roger Guenveur Smith",
		"Recording_ID" : 3025
	},
	{
		"Actor_ID" : 184,
		"Name" : "Sean Astin",
		"Recording_ID" : 3026
	},
	{
		"Actor_ID" : 185,
		"Name" : "Ned Beatty",
		"Recording_ID" : 3026
	},
	{
		"Actor_ID" : 186,
		"Name" : "Charles S. Dutton",
		"Recording_ID" : 3026
	},
	{
		"Actor_ID" : 187,
		"Name" : "Lili Taylor",
		"Recording_ID" : 3026
	},
	{
		"Actor_ID" : 188,
		"Name" : "Tim Robbins",
		"Recording_ID" : 3027
	},
	{
		"Actor_ID" : 189,
		"Name" : "Morgan Freeman",
		"Recording_ID" : 3027
	},
	{
		"Actor_ID" : 190,
		"Name" : "Bob Gunton",
		"Recording_ID" : 3027
	},
	{
		"Actor_ID" : 191,
		"Name" : "William Sadler",
		"Recording_ID" : 3027
	},
	{
		"Actor_ID" : 192,
		"Name" : "James Whitmore",
		"Recording_ID" : 3027
	},
	{
		"Actor_ID" : 193,
		"Name" : "Gil Bellows",
		"Recording_ID" : 3027
	},
	{
		"Actor_ID" : 194,
		"Name" : "Vanessa Williams",
		"Recording_ID" : 3028
	},
	{
		"Actor_ID" : 195,
		"Name" : "Vivica Fox",
		"Recording_ID" : 3028
	},
	{
		"Actor_ID" : 196,
		"Name" : "Nia Long",
		"Recording_ID" : 3028
	},
	{
		"Actor_ID" : 197,
		"Name" : "Irma Hall",
		"Recording_ID" : 3028
	},
	{
		"Actor_ID" : 198,
		"Name" : "Michael Beach",
		"Recording_ID" : 3028
	},
	{
		"Actor_ID" : 199,
		"Name" : "Leonardo Di Caprio",
		"Recording_ID" : 3029
	},
	{
		"Actor_ID" : 200,
		"Name" : "Kate Winslet",
		"Recording_ID" : 3029
	},
	{
		"Actor_ID" : 201,
		"Name" : "Billy Zane",
		"Recording_ID" : 3029
	},
	{
		"Actor_ID" : 202,
		"Name" : "Kathy Bates",
		"Recording_ID" : 3029
	},
	{
		"Actor_ID" : 203,
		"Name" : "Frances Fisher",
		"Recording_ID" : 3029
	},
	{
		"Actor_ID" : 204,
		"Name" : "Bernard Hill",
		"Recording_ID" : 3029
	},
	{
		"Actor_ID" : 205,
		"Name" : "Jonathan Hyde",
		"Recording_ID" : 3029
	},
	{
		"Actor_ID" : 206,
		"Name" : "Danny Nucci",
		"Recording_ID" : 3029
	},
	{
		"Actor_ID" : 207,
		"Name" : "David Warner",
		"Recording_ID" : 3029
	},
	{
		"Actor_ID" : 208,
		"Name" : "Virginia Madsen",
		"Recording_ID" : 3030
	},
	{
		"Actor_ID" : 209,
		"Name" : "Tony Todd",
		"Recording_ID" : 3030
	},
	{
		"Actor_ID" : 210,
		"Name" : "Vanessa Williams",
		"Recording_ID" : 3030
	},
	{
		"Actor_ID" : 211,
		"Name" : "Xander Berkeley",
		"Recording_ID" : 3030
	},
	{
		"Actor_ID" : 212,
		"Name" : "Kasi Lemmons",
		"Recording_ID" : 3030
	},
	{
		"Actor_ID" : 213,
		"Name" : "Sissy Spacek",
		"Recording_ID" : 3031
	},
	{
		"Actor_ID" : 214,
		"Name" : "John Travolta",
		"Recording_ID" : 3031
	},
	{
		"Actor_ID" : 215,
		"Name" : "William Katt",
		"Recording_ID" : 3031
	},
	{
		"Actor_ID" : 216,
		"Name" : "Nancy Allen",
		"Recording_ID" : 3031
	},
	{
		"Actor_ID" : 217,
		"Name" : "Piper Laurie",
		"Recording_ID" : 3031
	},
	{
		"Actor_ID" : 218,
		"Name" : "Amy Irving",
		"Recording_ID" : 3031
	},
	{
		"Actor_ID" : 219,
		"Name" : "Betty Buckley",
		"Recording_ID" : 3031
	},
	{
		"Actor_ID" : 220,
		"Name" : "P. J. Soles",
		"Recording_ID" : 3031
	},
	{
		"Actor_ID" : 221,
		"Name" : "Sydney Lassick",
		"Recording_ID" : 3031
	},
	{
		"Actor_ID" : 222,
		"Name" : "Stefan Gierasch",
		"Recording_ID" : 3031
	},
	{
		"Actor_ID" : 223,
		"Name" : "Adrienne King",
		"Recording_ID" : 3032
	},
	{
		"Actor_ID" : 224,
		"Name" : "Betsy Palmer",
		"Recording_ID" : 3032
	},
	{
		"Actor_ID" : 225,
		"Name" : "Kevin Bacon",
		"Recording_ID" : 3032
	},
	{
		"Actor_ID" : 226,
		"Name" : "Jason (sh...sh...sh)",
		"Recording_ID" : 3032
	},
	{
		"Actor_ID" : 227,
		"Name" : "Kathy Bates",
		"Recording_ID" : 3033
	},
	{
		"Actor_ID" : 228,
		"Name" : "James Caan",
		"Recording_ID" : 3033
	},
	{
		"Actor_ID" : 229,
		"Name" : "Richard Farnsworth",
		"Recording_ID" : 3033
	},
	{
		"Actor_ID" : 230,
		"Name" : "Frances Sternhagen",
		"Recording_ID" : 3033
	},
	{
		"Actor_ID" : 231,
		"Name" : "Lauren Bacall",
		"Recording_ID" : 3033
	},
	{
		"Actor_ID" : 232,
		"Name" : "Fred Gwyne",
		"Recording_ID" : 3034
	},
	{
		"Actor_ID" : 233,
		"Name" : "Dale Midkiff",
		"Recording_ID" : 3034
	},
	{
		"Actor_ID" : 234,
		"Name" : "Denise Crosby",
		"Recording_ID" : 3034
	},
	{
		"Actor_ID" : 235,
		"Name" : "Miko Hughes",
		"Recording_ID" : 3034
	},
	{
		"Actor_ID" : 236,
		"Name" : "Craig T. Nelson",
		"Recording_ID" : 3035
	},
	{
		"Actor_ID" : 237,
		"Name" : "Dominique Dunne",
		"Recording_ID" : 3035
	},
	{
		"Actor_ID" : 238,
		"Name" : "Oliver Robbins",
		"Recording_ID" : 3035
	},
	{
		"Actor_ID" : 239,
		"Name" : "Heather O`Rourke",
		"Recording_ID" : 3035
	},
	{
		"Actor_ID" : 240,
		"Name" : "JoBeth Williams",
		"Recording_ID" : 3035
	},
	{
		"Actor_ID" : 241,
		"Name" : "Anthony Perkins",
		"Recording_ID" : 3036
	},
	{
		"Actor_ID" : 242,
		"Name" : "Janet Leigh",
		"Recording_ID" : 3036
	},
	{
		"Actor_ID" : 243,
		"Name" : "Martin Balsam",
		"Recording_ID" : 3036
	},
	{
		"Actor_ID" : 244,
		"Name" : "Vera Miles",
		"Recording_ID" : 3036
	},
	{
		"Actor_ID" : 245,
		"Name" : "John Gavin",
		"Recording_ID" : 3036
	},
	{
		"Actor_ID" : 246,
		"Name" : "John McIntire",
		"Recording_ID" : 3036
	},
	{
		"Actor_ID" : 247,
		"Name" : "Simon Oakland",
		"Recording_ID" : 3036
	},
	{
		"Actor_ID" : 248,
		"Name" : "Vaughn Taylor",
		"Recording_ID" : 3036
	},
	{
		"Actor_ID" : 249,
		"Name" : "Neve Campbell",
		"Recording_ID" : 3037
	},
	{
		"Actor_ID" : 250,
		"Name" : "Drew Barrymore",
		"Recording_ID" : 3037
	},
	{
		"Actor_ID" : 251,
		"Name" : "Courtney Cox",
		"Recording_ID" : 3037
	},
	{
		"Actor_ID" : 252,
		"Name" : "Skeet Ulrich",
		"Recording_ID" : 3037
	},
	{
		"Actor_ID" : 253,
		"Name" : "David Arquette",
		"Recording_ID" : 3037
	},
	{
		"Actor_ID" : 254,
		"Name" : "Matthew Lillard",
		"Recording_ID" : 3037
	},
	{
		"Actor_ID" : 255,
		"Name" : "Rose McGowan",
		"Recording_ID" : 3037
	},
	{
		"Actor_ID" : 256,
		"Name" : "Linda Blair",
		"Recording_ID" : 3037
	},
	{
		"Actor_ID" : 257,
		"Name" : "Henry Winkler",
		"Recording_ID" : 3037
	},
	{
		"Actor_ID" : 258,
		"Name" : "Joseph Whipp",
		"Recording_ID" : 3037
	},
	{
		"Actor_ID" : 259,
		"Name" : "Frances Lee McCain",
		"Recording_ID" : 3037
	},
	{
		"Actor_ID" : 260,
		"Name" : "Liev Screiber",
		"Recording_ID" : 3037
	},
	{
		"Actor_ID" : 261,
		"Name" : "Tom Skerrit",
		"Recording_ID" : 3038
	},
	{
		"Actor_ID" : 262,
		"Name" : "Sigourney Weaver",
		"Recording_ID" : 3038
	},
	{
		"Actor_ID" : 263,
		"Name" : "Ian Holm",
		"Recording_ID" : 3038
	},
	{
		"Actor_ID" : 264,
		"Name" : "John Hurt",
		"Recording_ID" : 3038
	},
	{
		"Actor_ID" : 265,
		"Name" : "Harry Dean Stanton",
		"Recording_ID" : 3038
	},
	{
		"Actor_ID" : 266,
		"Name" : "Veronica Cartwright",
		"Recording_ID" : 3038
	},
	{
		"Actor_ID" : 267,
		"Name" : "Yaphet Kotto",
		"Recording_ID" : 3038
	},
	{
		"Actor_ID" : 268,
		"Name" : "Malcolm McDowell",
		"Recording_ID" : 3039
	},
	{
		"Actor_ID" : 269,
		"Name" : "Patrick Magee",
		"Recording_ID" : 3039
	},
	{
		"Actor_ID" : 270,
		"Name" : "Adrienne Corri",
		"Recording_ID" : 3039
	},
	{
		"Actor_ID" : 271,
		"Name" : "Aubrey Morris",
		"Recording_ID" : 3039
	},
	{
		"Actor_ID" : 272,
		"Name" : "James Marcus",
		"Recording_ID" : 3039
	},
	{
		"Actor_ID" : 273,
		"Name" : "Michael Bates",
		"Recording_ID" : 3039
	},
	{
		"Actor_ID" : 274,
		"Name" : "Warren Clark",
		"Recording_ID" : 3039
	},
	{
		"Actor_ID" : 275,
		"Name" : "Carl Duering",
		"Recording_ID" : 3039
	},
	{
		"Actor_ID" : 276,
		"Name" : "John Clive",
		"Recording_ID" : 3039
	},
	{
		"Actor_ID" : 277,
		"Name" : "Jodie Foster",
		"Recording_ID" : 3040
	},
	{
		"Actor_ID" : 278,
		"Name" : "Matthew McConaughey",
		"Recording_ID" : 3040
	},
	{
		"Actor_ID" : 279,
		"Name" : "James Woods",
		"Recording_ID" : 3040
	},
	{
		"Actor_ID" : 280,
		"Name" : "John Hurt",
		"Recording_ID" : 3040
	},
	{
		"Actor_ID" : 281,
		"Name" : "Tom Skerritt",
		"Recording_ID" : 3040
	},
	{
		"Actor_ID" : 282,
		"Name" : "Angela Bassett",
		"Recording_ID" : 3040
	},
	{
		"Actor_ID" : 283,
		"Name" : "Rob Lowe",
		"Recording_ID" : 3040
	},
	{
		"Actor_ID" : 284,
		"Name" : "William Fichtner",
		"Recording_ID" : 3040
	},
	{
		"Actor_ID" : 285,
		"Name" : "Geoffrey Blake",
		"Recording_ID" : 3040
	},
	{
		"Actor_ID" : 286,
		"Name" : "Jena Malone",
		"Recording_ID" : 3040
	},
	{
		"Actor_ID" : 287,
		"Name" : "Kyle MacLachlan",
		"Recording_ID" : 3041
	},
	{
		"Actor_ID" : 288,
		"Name" : "José Ferrer",
		"Recording_ID" : 3041
	},
	{
		"Actor_ID" : 289,
		"Name" : "Dean Stockwell",
		"Recording_ID" : 3041
	},
	{
		"Actor_ID" : 290,
		"Name" : "Brad Dourif",
		"Recording_ID" : 3041
	},
	{
		"Actor_ID" : 291,
		"Name" : "Sting",
		"Recording_ID" : 3041
	},
	{
		"Actor_ID" : 292,
		"Name" : "Kenneth McMillan",
		"Recording_ID" : 3041
	},
	{
		"Actor_ID" : 293,
		"Name" : "Patrick Stewart",
		"Recording_ID" : 3041
	},
	{
		"Actor_ID" : 294,
		"Name" : "Sean Young",
		"Recording_ID" : 3041
	},
	{
		"Actor_ID" : 295,
		"Name" : "Linda Hunt",
		"Recording_ID" : 3041
	},
	{
		"Actor_ID" : 296,
		"Name" : "Jack Nance",
		"Recording_ID" : 3041
	},
	{
		"Actor_ID" : 297,
		"Name" : "Nicol Williamson",
		"Recording_ID" : 3042
	},
	{
		"Actor_ID" : 298,
		"Name" : "Nigel Terry",
		"Recording_ID" : 3042
	},
	{
		"Actor_ID" : 299,
		"Name" : "Helen Mirren",
		"Recording_ID" : 3042
	},
	{
		"Actor_ID" : 300,
		"Name" : "Cherie Lunghi",
		"Recording_ID" : 3042
	},
	{
		"Actor_ID" : 301,
		"Name" : "Nicholas Clay",
		"Recording_ID" : 3042
	},
	{
		"Actor_ID" : 302,
		"Name" : "Liam Neeson",
		"Recording_ID" : 3042
	},
	{
		"Actor_ID" : 303,
		"Name" : "Sam Neill",
		"Recording_ID" : 3043
	},
	{
		"Actor_ID" : 304,
		"Name" : "Laura Dern",
		"Recording_ID" : 3043
	},
	{
		"Actor_ID" : 305,
		"Name" : "Richard Attenborough",
		"Recording_ID" : 3043
	},
	{
		"Actor_ID" : 306,
		"Name" : "Jeff Goldblum",
		"Recording_ID" : 3043
	},
	{
		"Actor_ID" : 307,
		"Name" : "Samuel L. Jackson",
		"Recording_ID" : 3043
	},
	{
		"Actor_ID" : 308,
		"Name" : "Patrick Stewart",
		"Recording_ID" : 3044
	},
	{
		"Actor_ID" : 309,
		"Name" : "James Cromwell",
		"Recording_ID" : 3044
	},
	{
		"Actor_ID" : 310,
		"Name" : "Alice Krige",
		"Recording_ID" : 3044
	},
	{
		"Actor_ID" : 311,
		"Name" : "Brent Spiner",
		"Recording_ID" : 3044
	},
	{
		"Actor_ID" : 312,
		"Name" : "Patti Yasutake",
		"Recording_ID" : 3044
	},
	{
		"Actor_ID" : 313,
		"Name" : "LeVar Burton",
		"Recording_ID" : 3044
	},
	{
		"Actor_ID" : 314,
		"Name" : "Michael Dorn",
		"Recording_ID" : 3044
	},
	{
		"Actor_ID" : 315,
		"Name" : "Gates McFadden",
		"Recording_ID" : 3044
	},
	{
		"Actor_ID" : 316,
		"Name" : "Mark Hamill",
		"Recording_ID" : 3045
	},
	{
		"Actor_ID" : 317,
		"Name" : "Carrie Fisher",
		"Recording_ID" : 3045
	},
	{
		"Actor_ID" : 318,
		"Name" : "Harrison Ford",
		"Recording_ID" : 3045
	},
	{
		"Actor_ID" : 319,
		"Name" : "Alec Guinness",
		"Recording_ID" : 3045
	},
	{
		"Actor_ID" : 320,
		"Name" : "Anthony Daniels",
		"Recording_ID" : 3045
	},
	{
		"Actor_ID" : 321,
		"Name" : "Jeff Bridges",
		"Recording_ID" : 3046
	},
	{
		"Actor_ID" : 322,
		"Name" : "David Warner",
		"Recording_ID" : 3046
	},
	{
		"Actor_ID" : 323,
		"Name" : "Bruce Boxleitner",
		"Recording_ID" : 3046
	},
	{
		"Actor_ID" : 324,
		"Name" : "Cindy Morgan",
		"Recording_ID" : 3046
	},
	{
		"Actor_ID" : 325,
		"Name" : "Barnard Hughes",
		"Recording_ID" : 3046
	},
	{
		"Actor_ID" : 326,
		"Name" : "Dan Shor",
		"Recording_ID" : 3046
	},
	{
		"Actor_ID" : 327,
		"Name" : "Sharon Stone",
		"Recording_ID" : 3047
	},
	{
		"Actor_ID" : 328,
		"Name" : "Chazz Palminteri",
		"Recording_ID" : 3047
	},
	{
		"Actor_ID" : 329,
		"Name" : "Isabelle Adjani",
		"Recording_ID" : 3047
	},
	{
		"Actor_ID" : 330,
		"Name" : "Kathy Bates",
		"Recording_ID" : 3047
	},
	{
		"Actor_ID" : 331,
		"Name" : "Michael Douglas",
		"Recording_ID" : 3048
	},
	{
		"Actor_ID" : 332,
		"Name" : "Demi Moore",
		"Recording_ID" : 3048
	},
	{
		"Actor_ID" : 333,
		"Name" : "Donald Sutherland",
		"Recording_ID" : 3048
	},
	{
		"Actor_ID" : 334,
		"Name" : "Caroline Goodall",
		"Recording_ID" : 3048
	},
	{
		"Actor_ID" : 335,
		"Name" : "Dennis Miller",
		"Recording_ID" : 3048
	},
	{
		"Actor_ID" : 336,
		"Name" : "Alec Baldwin",
		"Recording_ID" : 3049
	},
	{
		"Actor_ID" : 337,
		"Name" : "Nicole Kidman",
		"Recording_ID" : 3049
	},
	{
		"Actor_ID" : 338,
		"Name" : "Bill Pullman",
		"Recording_ID" : 3049
	},
	{
		"Actor_ID" : 339,
		"Name" : "Peter Gallagher",
		"Recording_ID" : 3049
	},
	{
		"Actor_ID" : 340,
		"Name" : "Joser Sommer",
		"Recording_ID" : 3049
	},
	{
		"Actor_ID" : 341,
		"Name" : "Bebe Neuwirth",
		"Recording_ID" : 3049
	},
	{
		"Actor_ID" : 342,
		"Name" : "Anne Bancroft",
		"Recording_ID" : 3049
	},
	{
		"Actor_ID" : 343,
		"Name" : "George C. Scott",
		"Recording_ID" : 3049
	},
	{
		"Actor_ID" : 344,
		"Name" : "Brad Pitt",
		"Recording_ID" : 3050
	},
	{
		"Actor_ID" : 345,
		"Name" : "Morgan Freeman",
		"Recording_ID" : 3050
	},
	{
		"Actor_ID" : 346,
		"Name" : "Gwyneth Paltrow",
		"Recording_ID" : 3050
	},
	{
		"Actor_ID" : 347,
		"Name" : "Kevin Spacey",
		"Recording_ID" : 3050
	},
	{
		"Actor_ID" : 348,
		"Name" : "Tom Cruise",
		"Recording_ID" : 3051
	},
	{
		"Actor_ID" : 349,
		"Name" : "Jeanne Tripplehorn",
		"Recording_ID" : 3051
	},
	{
		"Actor_ID" : 350,
		"Name" : "Ed Harris",
		"Recording_ID" : 3051
	},
	{
		"Actor_ID" : 351,
		"Name" : "Holly Hunter",
		"Recording_ID" : 3051
	},
	{
		"Actor_ID" : 352,
		"Name" : "David Strathairn",
		"Recording_ID" : 3051
	},
	{
		"Actor_ID" : 353,
		"Name" : "Gary Busey",
		"Recording_ID" : 3051
	},
	{
		"Actor_ID" : 354,
		"Name" : "Michael Douglas",
		"Recording_ID" : 3052
	},
	{
		"Actor_ID" : 355,
		"Name" : "Sean Penn",
		"Recording_ID" : 3052
	},
	{
		"Actor_ID" : 356,
		"Name" : "Deborah Kara Unger",
		"Recording_ID" : 3052
	},
	{
		"Actor_ID" : 357,
		"Name" : "James Rebhorn",
		"Recording_ID" : 3052
	},
	{
		"Actor_ID" : 358,
		"Name" : "Anna Katerina",
		"Recording_ID" : 3052
	},
	{
		"Actor_ID" : 359,
		"Name" : "Peter Donat",
		"Recording_ID" : 3052
	},
	{
		"Actor_ID" : 360,
		"Name" : "Jodie Foster",
		"Recording_ID" : 3053
	},
	{
		"Actor_ID" : 361,
		"Name" : "Anthony Hopkins",
		"Recording_ID" : 3053
	},
	{
		"Actor_ID" : 362,
		"Name" : "Scott Glenn",
		"Recording_ID" : 3053
	},
	{
		"Actor_ID" : 363,
		"Name" : "Ted Levine",
		"Recording_ID" : 3053
	},
	{
		"Actor_ID" : 364,
		"Name" : "Diane Baker",
		"Recording_ID" : 3053
	},
	{
		"Actor_ID" : 365,
		"Name" : "Brooke Smith",
		"Recording_ID" : 3053
	},
	{
		"Actor_ID" : 366,
		"Name" : "Gabriel Byrne",
		"Recording_ID" : 3054
	},
	{
		"Actor_ID" : 367,
		"Name" : "Kevin Spacey",
		"Recording_ID" : 3054
	},
	{
		"Actor_ID" : 368,
		"Name" : "Stephen Baldwin",
		"Recording_ID" : 3054
	},
	{
		"Actor_ID" : 369,
		"Name" : "Chazz Palminteri",
		"Recording_ID" : 3054
	},
	{
		"Actor_ID" : 370,
		"Name" : "Kevin Pollak",
		"Recording_ID" : 3054
	},
	{
		"Actor_ID" : 371,
		"Name" : "Benicio Del Toro",
		"Recording_ID" : 3054
	}
]
