[
	{
		"Recording_ID" : 3000,
		"Actor_ID" : 0
	},
	{
		"Recording_ID" : 3000,
		"Actor_ID" : 1
	},
	{
		"Recording_ID" : 3000,
		"Actor_ID" : 2
	},
	{
		"Recording_ID" : 3000,
		"Actor_ID" : 3
	},
	{
		"Recording_ID" : 3000,
		"Actor_ID" : 4
	},
	{
		"Recording_ID" : 3000,
		"Actor_ID" : 5
	},
	{
		"Recording_ID" : 3000,
		"Actor_ID" : 6
	},
	{
		"Recording_ID" : 3000,
		"Actor_ID" : 7
	},
	{
		"Recording_ID" : 3000,
		"Actor_ID" : 8
	},
	{
		"Recording_ID" : 3001,
		"Actor_ID" : 9
	},
	{
		"Recording_ID" : 3001,
		"Actor_ID" : 10
	},
	{
		"Recording_ID" : 3001,
		"Actor_ID" : 11
	},
	{
		"Recording_ID" : 3001,
		"Actor_ID" : 12
	},
	{
		"Recording_ID" : 3001,
		"Actor_ID" : 13
	},
	{
		"Recording_ID" : 3001,
		"Actor_ID" : 14
	},
	{
		"Recording_ID" : 3001,
		"Actor_ID" : 15
	},
	{
		"Recording_ID" : 3002,
		"Actor_ID" : 16
	},
	{
		"Recording_ID" : 3002,
		"Actor_ID" : 17
	},
	{
		"Recording_ID" : 3002,
		"Actor_ID" : 18
	},
	{
		"Recording_ID" : 3002,
		"Actor_ID" : 19
	},
	{
		"Recording_ID" : 3003,
		"Actor_ID" : 20
	},
	{
		"Recording_ID" : 3003,
		"Actor_ID" : 21
	},
	{
		"Recording_ID" : 3003,
		"Actor_ID" : 22
	},
	{
		"Recording_ID" : 3004,
		"Actor_ID" : 23
	},
	{
		"Recording_ID" : 3004,
		"Actor_ID" : 24
	},
	{
		"Recording_ID" : 3004,
		"Actor_ID" : 25
	},
	{
		"Recording_ID" : 3004,
		"Actor_ID" : 26
	},
	{
		"Recording_ID" : 3004,
		"Actor_ID" : 27
	},
	{
		"Recording_ID" : 3005,
		"Actor_ID" : 28
	},
	{
		"Recording_ID" : 3005,
		"Actor_ID" : 29
	},
	{
		"Recording_ID" : 3005,
		"Actor_ID" : 30
	},
	{
		"Recording_ID" : 3005,
		"Actor_ID" : 31
	},
	{
		"Recording_ID" : 3005,
		"Actor_ID" : 32
	},
	{
		"Recording_ID" : 3005,
		"Actor_ID" : 33
	},
	{
		"Recording_ID" : 3005,
		"Actor_ID" : 34
	},
	{
		"Recording_ID" : 3005,
		"Actor_ID" : 35
	},
	{
		"Recording_ID" : 3006,
		"Actor_ID" : 36
	},
	{
		"Recording_ID" : 3006,
		"Actor_ID" : 37
	},
	{
		"Recording_ID" : 3006,
		"Actor_ID" : 38
	},
	{
		"Recording_ID" : 3006,
		"Actor_ID" : 39
	},
	{
		"Recording_ID" : 3006,
		"Actor_ID" : 40
	},
	{
		"Recording_ID" : 3006,
		"Actor_ID" : 41
	},
	{
		"Recording_ID" : 3006,
		"Actor_ID" : 42
	},
	{
		"Recording_ID" : 3006,
		"Actor_ID" : 43
	},
	{
		"Recording_ID" : 3006,
		"Actor_ID" : 44
	},
	{
		"Recording_ID" : 3006,
		"Actor_ID" : 45
	},
	{
		"Recording_ID" : 3006,
		"Actor_ID" : 46
	},
	{
		"Recording_ID" : 3006,
		"Actor_ID" : 47
	},
	{
		"Recording_ID" : 3007,
		"Actor_ID" : 48
	},
	{
		"Recording_ID" : 3007,
		"Actor_ID" : 49
	},
	{
		"Recording_ID" : 3007,
		"Actor_ID" : 50
	},
	{
		"Recording_ID" : 3007,
		"Actor_ID" : 51
	},
	{
		"Recording_ID" : 3007,
		"Actor_ID" : 52
	},
	{
		"Recording_ID" : 3007,
		"Actor_ID" : 53
	},
	{
		"Recording_ID" : 3008,
		"Actor_ID" : 54
	},
	{
		"Recording_ID" : 3008,
		"Actor_ID" : 55
	},
	{
		"Recording_ID" : 3008,
		"Actor_ID" : 56
	},
	{
		"Recording_ID" : 3008,
		"Actor_ID" : 57
	},
	{
		"Recording_ID" : 3008,
		"Actor_ID" : 58
	},
	{
		"Recording_ID" : 3008,
		"Actor_ID" : 59
	},
	{
		"Recording_ID" : 3008,
		"Actor_ID" : 60
	},
	{
		"Recording_ID" : 3008,
		"Actor_ID" : 61
	},
	{
		"Recording_ID" : 3008,
		"Actor_ID" : 62
	},
	{
		"Recording_ID" : 3008,
		"Actor_ID" : 63
	},
	{
		"Recording_ID" : 3009,
		"Actor_ID" : 64
	},
	{
		"Recording_ID" : 3009,
		"Actor_ID" : 65
	},
	{
		"Recording_ID" : 3009,
		"Actor_ID" : 66
	},
	{
		"Recording_ID" : 3009,
		"Actor_ID" : 67
	},
	{
		"Recording_ID" : 3009,
		"Actor_ID" : 68
	},
	{
		"Recording_ID" : 3009,
		"Actor_ID" : 69
	},
	{
		"Recording_ID" : 3009,
		"Actor_ID" : 70
	},
	{
		"Recording_ID" : 3009,
		"Actor_ID" : 71
	},
	{
		"Recording_ID" : 3009,
		"Actor_ID" : 72
	},
	{
		"Recording_ID" : 3009,
		"Actor_ID" : 73
	},
	{
		"Recording_ID" : 3009,
		"Actor_ID" : 74
	},
	{
		"Recording_ID" : 3009,
		"Actor_ID" : 75
	},
	{
		"Recording_ID" : 3009,
		"Actor_ID" : 76
	},
	{
		"Recording_ID" : 3009,
		"Actor_ID" : 77
	},
	{
		"Recording_ID" : 3010,
		"Actor_ID" : 78
	},
	{
		"Recording_ID" : 3010,
		"Actor_ID" : 79
	},
	{
		"Recording_ID" : 3010,
		"Actor_ID" : 80
	},
	{
		"Recording_ID" : 3010,
		"Actor_ID" : 81
	},
	{
		"Recording_ID" : 3010,
		"Actor_ID" : 82
	},
	{
		"Recording_ID" : 3010,
		"Actor_ID" : 83
	},
	{
		"Recording_ID" : 3010,
		"Actor_ID" : 84
	},
	{
		"Recording_ID" : 3010,
		"Actor_ID" : 85
	},
	{
		"Recording_ID" : 3010,
		"Actor_ID" : 86
	},
	{
		"Recording_ID" : 3011,
		"Actor_ID" : 87
	},
	{
		"Recording_ID" : 3011,
		"Actor_ID" : 88
	},
	{
		"Recording_ID" : 3011,
		"Actor_ID" : 89
	},
	{
		"Recording_ID" : 3011,
		"Actor_ID" : 90
	},
	{
		"Recording_ID" : 3011,
		"Actor_ID" : 91
	},
	{
		"Recording_ID" : 3012,
		"Actor_ID" : 92
	},
	{
		"Recording_ID" : 3012,
		"Actor_ID" : 93
	},
	{
		"Recording_ID" : 3012,
		"Actor_ID" : 94
	},
	{
		"Recording_ID" : 3012,
		"Actor_ID" : 95
	},
	{
		"Recording_ID" : 3012,
		"Actor_ID" : 96
	},
	{
		"Recording_ID" : 3012,
		"Actor_ID" : 97
	},
	{
		"Recording_ID" : 3012,
		"Actor_ID" : 98
	},
	{
		"Recording_ID" : 3012,
		"Actor_ID" : 99
	},
	{
		"Recording_ID" : 3012,
		"Actor_ID" : 100
	},
	{
		"Recording_ID" : 3012,
		"Actor_ID" : 101
	},
	{
		"Recording_ID" : 3013,
		"Actor_ID" : 102
	},
	{
		"Recording_ID" : 3013,
		"Actor_ID" : 103
	},
	{
		"Recording_ID" : 3013,
		"Actor_ID" : 104
	},
	{
		"Recording_ID" : 3013,
		"Actor_ID" : 105
	},
	{
		"Recording_ID" : 3013,
		"Actor_ID" : 106
	},
	{
		"Recording_ID" : 3013,
		"Actor_ID" : 107
	},
	{
		"Recording_ID" : 3013,
		"Actor_ID" : 108
	},
	{
		"Recording_ID" : 3013,
		"Actor_ID" : 109
	},
	{
		"Recording_ID" : 3014,
		"Actor_ID" : 110
	},
	{
		"Recording_ID" : 3014,
		"Actor_ID" : 111
	},
	{
		"Recording_ID" : 3014,
		"Actor_ID" : 112
	},
	{
		"Recording_ID" : 3015,
		"Actor_ID" : 113
	},
	{
		"Recording_ID" : 3015,
		"Actor_ID" : 114
	},
	{
		"Recording_ID" : 3015,
		"Actor_ID" : 115
	},
	{
		"Recording_ID" : 3015,
		"Actor_ID" : 116
	},
	{
		"Recording_ID" : 3015,
		"Actor_ID" : 117
	},
	{
		"Recording_ID" : 3015,
		"Actor_ID" : 118
	},
	{
		"Recording_ID" : 3015,
		"Actor_ID" : 119
	},
	{
		"Recording_ID" : 3016,
		"Actor_ID" : 120
	},
	{
		"Recording_ID" : 3016,
		"Actor_ID" : 121
	},
	{
		"Recording_ID" : 3016,
		"Actor_ID" : 122
	},
	{
		"Recording_ID" : 3016,
		"Actor_ID" : 123
	},
	{
		"Recording_ID" : 3016,
		"Actor_ID" : 124
	},
	{
		"Recording_ID" : 3016,
		"Actor_ID" : 125
	},
	{
		"Recording_ID" : 3016,
		"Actor_ID" : 126
	},
	{
		"Recording_ID" : 3016,
		"Actor_ID" : 127
	},
	{
		"Recording_ID" : 3017,
		"Actor_ID" : 128
	},
	{
		"Recording_ID" : 3017,
		"Actor_ID" : 129
	},
	{
		"Recording_ID" : 3017,
		"Actor_ID" : 130
	},
	{
		"Recording_ID" : 3017,
		"Actor_ID" : 131
	},
	{
		"Recording_ID" : 3017,
		"Actor_ID" : 132
	},
	{
		"Recording_ID" : 3017,
		"Actor_ID" : 133
	},
	{
		"Recording_ID" : 3018,
		"Actor_ID" : 134
	},
	{
		"Recording_ID" : 3018,
		"Actor_ID" : 135
	},
	{
		"Recording_ID" : 3018,
		"Actor_ID" : 136
	},
	{
		"Recording_ID" : 3018,
		"Actor_ID" : 137
	},
	{
		"Recording_ID" : 3018,
		"Actor_ID" : 138
	},
	{
		"Recording_ID" : 3018,
		"Actor_ID" : 139
	},
	{
		"Recording_ID" : 3018,
		"Actor_ID" : 140
	},
	{
		"Recording_ID" : 3018,
		"Actor_ID" : 141
	},
	{
		"Recording_ID" : 3018,
		"Actor_ID" : 142
	},
	{
		"Recording_ID" : 3019,
		"Actor_ID" : 143
	},
	{
		"Recording_ID" : 3019,
		"Actor_ID" : 144
	},
	{
		"Recording_ID" : 3019,
		"Actor_ID" : 145
	},
	{
		"Recording_ID" : 3019,
		"Actor_ID" : 146
	},
	{
		"Recording_ID" : 3019,
		"Actor_ID" : 147
	},
	{
		"Recording_ID" : 3020,
		"Actor_ID" : 148
	},
	{
		"Recording_ID" : 3020,
		"Actor_ID" : 149
	},
	{
		"Recording_ID" : 3020,
		"Actor_ID" : 150
	},
	{
		"Recording_ID" : 3020,
		"Actor_ID" : 151
	},
	{
		"Recording_ID" : 3020,
		"Actor_ID" : 152
	},
	{
		"Recording_ID" : 3021,
		"Actor_ID" : 153
	},
	{
		"Recording_ID" : 3021,
		"Actor_ID" : 154
	},
	{
		"Recording_ID" : 3021,
		"Actor_ID" : 155
	},
	{
		"Recording_ID" : 3021,
		"Actor_ID" : 156
	},
	{
		"Recording_ID" : 3021,
		"Actor_ID" : 157
	},
	{
		"Recording_ID" : 3022,
		"Actor_ID" : 158
	},
	{
		"Recording_ID" : 3022,
		"Actor_ID" : 159
	},
	{
		"Recording_ID" : 3022,
		"Actor_ID" : 160
	},
	{
		"Recording_ID" : 3022,
		"Actor_ID" : 161
	},
	{
		"Recording_ID" : 3022,
		"Actor_ID" : 162
	},
	{
		"Recording_ID" : 3023,
		"Actor_ID" : 163
	},
	{
		"Recording_ID" : 3023,
		"Actor_ID" : 164
	},
	{
		"Recording_ID" : 3023,
		"Actor_ID" : 165
	},
	{
		"Recording_ID" : 3023,
		"Actor_ID" : 166
	},
	{
		"Recording_ID" : 3023,
		"Actor_ID" : 167
	},
	{
		"Recording_ID" : 3023,
		"Actor_ID" : 168
	},
	{
		"Recording_ID" : 3023,
		"Actor_ID" : 169
	},
	{
		"Recording_ID" : 3024,
		"Actor_ID" : 170
	},
	{
		"Recording_ID" : 3024,
		"Actor_ID" : 171
	},
	{
		"Recording_ID" : 3024,
		"Actor_ID" : 172
	},
	{
		"Recording_ID" : 3024,
		"Actor_ID" : 173
	},
	{
		"Recording_ID" : 3024,
		"Actor_ID" : 174
	},
	{
		"Recording_ID" : 3024,
		"Actor_ID" : 175
	},
	{
		"Recording_ID" : 3024,
		"Actor_ID" : 176
	},
	{
		"Recording_ID" : 3024,
		"Actor_ID" : 177
	},
	{
		"Recording_ID" : 3025,
		"Actor_ID" : 178
	},
	{
		"Recording_ID" : 3025,
		"Actor_ID" : 179
	},
	{
		"Recording_ID" : 3025,
		"Actor_ID" : 180
	},
	{
		"Recording_ID" : 3025,
		"Actor_ID" : 181
	},
	{
		"Recording_ID" : 3025,
		"Actor_ID" : 182
	},
	{
		"Recording_ID" : 3025,
		"Actor_ID" : 183
	},
	{
		"Recording_ID" : 3026,
		"Actor_ID" : 184
	},
	{
		"Recording_ID" : 3026,
		"Actor_ID" : 185
	},
	{
		"Recording_ID" : 3026,
		"Actor_ID" : 186
	},
	{
		"Recording_ID" : 3026,
		"Actor_ID" : 187
	},
	{
		"Recording_ID" : 3027,
		"Actor_ID" : 188
	},
	{
		"Recording_ID" : 3027,
		"Actor_ID" : 189
	},
	{
		"Recording_ID" : 3027,
		"Actor_ID" : 190
	},
	{
		"Recording_ID" : 3027,
		"Actor_ID" : 191
	},
	{
		"Recording_ID" : 3027,
		"Actor_ID" : 192
	},
	{
		"Recording_ID" : 3027,
		"Actor_ID" : 193
	},
	{
		"Recording_ID" : 3028,
		"Actor_ID" : 194
	},
	{
		"Recording_ID" : 3028,
		"Actor_ID" : 195
	},
	{
		"Recording_ID" : 3028,
		"Actor_ID" : 196
	},
	{
		"Recording_ID" : 3028,
		"Actor_ID" : 197
	},
	{
		"Recording_ID" : 3028,
		"Actor_ID" : 198
	},
	{
		"Recording_ID" : 3029,
		"Actor_ID" : 199
	},
	{
		"Recording_ID" : 3029,
		"Actor_ID" : 200
	},
	{
		"Recording_ID" : 3029,
		"Actor_ID" : 201
	},
	{
		"Recording_ID" : 3029,
		"Actor_ID" : 202
	},
	{
		"Recording_ID" : 3029,
		"Actor_ID" : 203
	},
	{
		"Recording_ID" : 3029,
		"Actor_ID" : 204
	},
	{
		"Recording_ID" : 3029,
		"Actor_ID" : 205
	},
	{
		"Recording_ID" : 3029,
		"Actor_ID" : 206
	},
	{
		"Recording_ID" : 3029,
		"Actor_ID" : 207
	},
	{
		"Recording_ID" : 3030,
		"Actor_ID" : 208
	},
	{
		"Recording_ID" : 3030,
		"Actor_ID" : 209
	},
	{
		"Recording_ID" : 3030,
		"Actor_ID" : 210
	},
	{
		"Recording_ID" : 3030,
		"Actor_ID" : 211
	},
	{
		"Recording_ID" : 3030,
		"Actor_ID" : 212
	},
	{
		"Recording_ID" : 3031,
		"Actor_ID" : 213
	},
	{
		"Recording_ID" : 3031,
		"Actor_ID" : 214
	},
	{
		"Recording_ID" : 3031,
		"Actor_ID" : 215
	},
	{
		"Recording_ID" : 3031,
		"Actor_ID" : 216
	},
	{
		"Recording_ID" : 3031,
		"Actor_ID" : 217
	},
	{
		"Recording_ID" : 3031,
		"Actor_ID" : 218
	},
	{
		"Recording_ID" : 3031,
		"Actor_ID" : 219
	},
	{
		"Recording_ID" : 3031,
		"Actor_ID" : 220
	},
	{
		"Recording_ID" : 3031,
		"Actor_ID" : 221
	},
	{
		"Recording_ID" : 3031,
		"Actor_ID" : 222
	},
	{
		"Recording_ID" : 3032,
		"Actor_ID" : 223
	},
	{
		"Recording_ID" : 3032,
		"Actor_ID" : 224
	},
	{
		"Recording_ID" : 3032,
		"Actor_ID" : 225
	},
	{
		"Recording_ID" : 3032,
		"Actor_ID" : 226
	},
	{
		"Recording_ID" : 3033,
		"Actor_ID" : 227
	},
	{
		"Recording_ID" : 3033,
		"Actor_ID" : 228
	},
	{
		"Recording_ID" : 3033,
		"Actor_ID" : 229
	},
	{
		"Recording_ID" : 3033,
		"Actor_ID" : 230
	},
	{
		"Recording_ID" : 3033,
		"Actor_ID" : 231
	},
	{
		"Recording_ID" : 3034,
		"Actor_ID" : 232
	},
	{
		"Recording_ID" : 3034,
		"Actor_ID" : 233
	},
	{
		"Recording_ID" : 3034,
		"Actor_ID" : 234
	},
	{
		"Recording_ID" : 3034,
		"Actor_ID" : 235
	},
	{
		"Recording_ID" : 3035,
		"Actor_ID" : 236
	},
	{
		"Recording_ID" : 3035,
		"Actor_ID" : 237
	},
	{
		"Recording_ID" : 3035,
		"Actor_ID" : 238
	},
	{
		"Recording_ID" : 3035,
		"Actor_ID" : 239
	},
	{
		"Recording_ID" : 3035,
		"Actor_ID" : 240
	},
	{
		"Recording_ID" : 3036,
		"Actor_ID" : 241
	},
	{
		"Recording_ID" : 3036,
		"Actor_ID" : 242
	},
	{
		"Recording_ID" : 3036,
		"Actor_ID" : 243
	},
	{
		"Recording_ID" : 3036,
		"Actor_ID" : 244
	},
	{
		"Recording_ID" : 3036,
		"Actor_ID" : 245
	},
	{
		"Recording_ID" : 3036,
		"Actor_ID" : 246
	},
	{
		"Recording_ID" : 3036,
		"Actor_ID" : 247
	},
	{
		"Recording_ID" : 3036,
		"Actor_ID" : 248
	},
	{
		"Recording_ID" : 3037,
		"Actor_ID" : 249
	},
	{
		"Recording_ID" : 3037,
		"Actor_ID" : 250
	},
	{
		"Recording_ID" : 3037,
		"Actor_ID" : 251
	},
	{
		"Recording_ID" : 3037,
		"Actor_ID" : 252
	},
	{
		"Recording_ID" : 3037,
		"Actor_ID" : 253
	},
	{
		"Recording_ID" : 3037,
		"Actor_ID" : 254
	},
	{
		"Recording_ID" : 3037,
		"Actor_ID" : 255
	},
	{
		"Recording_ID" : 3037,
		"Actor_ID" : 256
	},
	{
		"Recording_ID" : 3037,
		"Actor_ID" : 257
	},
	{
		"Recording_ID" : 3037,
		"Actor_ID" : 258
	},
	{
		"Recording_ID" : 3037,
		"Actor_ID" : 259
	},
	{
		"Recording_ID" : 3037,
		"Actor_ID" : 260
	},
	{
		"Recording_ID" : 3038,
		"Actor_ID" : 261
	},
	{
		"Recording_ID" : 3038,
		"Actor_ID" : 262
	},
	{
		"Recording_ID" : 3038,
		"Actor_ID" : 263
	},
	{
		"Recording_ID" : 3038,
		"Actor_ID" : 264
	},
	{
		"Recording_ID" : 3038,
		"Actor_ID" : 265
	},
	{
		"Recording_ID" : 3038,
		"Actor_ID" : 266
	},
	{
		"Recording_ID" : 3038,
		"Actor_ID" : 267
	},
	{
		"Recording_ID" : 3039,
		"Actor_ID" : 268
	},
	{
		"Recording_ID" : 3039,
		"Actor_ID" : 269
	},
	{
		"Recording_ID" : 3039,
		"Actor_ID" : 270
	},
	{
		"Recording_ID" : 3039,
		"Actor_ID" : 271
	},
	{
		"Recording_ID" : 3039,
		"Actor_ID" : 272
	},
	{
		"Recording_ID" : 3039,
		"Actor_ID" : 273
	},
	{
		"Recording_ID" : 3039,
		"Actor_ID" : 274
	},
	{
		"Recording_ID" : 3039,
		"Actor_ID" : 275
	},
	{
		"Recording_ID" : 3039,
		"Actor_ID" : 276
	},
	{
		"Recording_ID" : 3040,
		"Actor_ID" : 277
	},
	{
		"Recording_ID" : 3040,
		"Actor_ID" : 278
	},
	{
		"Recording_ID" : 3040,
		"Actor_ID" : 279
	},
	{
		"Recording_ID" : 3040,
		"Actor_ID" : 280
	},
	{
		"Recording_ID" : 3040,
		"Actor_ID" : 281
	},
	{
		"Recording_ID" : 3040,
		"Actor_ID" : 282
	},
	{
		"Recording_ID" : 3040,
		"Actor_ID" : 283
	},
	{
		"Recording_ID" : 3040,
		"Actor_ID" : 284
	},
	{
		"Recording_ID" : 3040,
		"Actor_ID" : 285
	},
	{
		"Recording_ID" : 3040,
		"Actor_ID" : 286
	},
	{
		"Recording_ID" : 3041,
		"Actor_ID" : 287
	},
	{
		"Recording_ID" : 3041,
		"Actor_ID" : 288
	},
	{
		"Recording_ID" : 3041,
		"Actor_ID" : 289
	},
	{
		"Recording_ID" : 3041,
		"Actor_ID" : 290
	},
	{
		"Recording_ID" : 3041,
		"Actor_ID" : 291
	},
	{
		"Recording_ID" : 3041,
		"Actor_ID" : 292
	},
	{
		"Recording_ID" : 3041,
		"Actor_ID" : 293
	},
	{
		"Recording_ID" : 3041,
		"Actor_ID" : 294
	},
	{
		"Recording_ID" : 3041,
		"Actor_ID" : 295
	},
	{
		"Recording_ID" : 3041,
		"Actor_ID" : 296
	},
	{
		"Recording_ID" : 3042,
		"Actor_ID" : 297
	},
	{
		"Recording_ID" : 3042,
		"Actor_ID" : 298
	},
	{
		"Recording_ID" : 3042,
		"Actor_ID" : 299
	},
	{
		"Recording_ID" : 3042,
		"Actor_ID" : 300
	},
	{
		"Recording_ID" : 3042,
		"Actor_ID" : 301
	},
	{
		"Recording_ID" : 3042,
		"Actor_ID" : 302
	},
	{
		"Recording_ID" : 3043,
		"Actor_ID" : 303
	},
	{
		"Recording_ID" : 3043,
		"Actor_ID" : 304
	},
	{
		"Recording_ID" : 3043,
		"Actor_ID" : 305
	},
	{
		"Recording_ID" : 3043,
		"Actor_ID" : 306
	},
	{
		"Recording_ID" : 3043,
		"Actor_ID" : 307
	},
	{
		"Recording_ID" : 3044,
		"Actor_ID" : 308
	},
	{
		"Recording_ID" : 3044,
		"Actor_ID" : 309
	},
	{
		"Recording_ID" : 3044,
		"Actor_ID" : 310
	},
	{
		"Recording_ID" : 3044,
		"Actor_ID" : 311
	},
	{
		"Recording_ID" : 3044,
		"Actor_ID" : 312
	},
	{
		"Recording_ID" : 3044,
		"Actor_ID" : 313
	},
	{
		"Recording_ID" : 3044,
		"Actor_ID" : 314
	},
	{
		"Recording_ID" : 3044,
		"Actor_ID" : 315
	},
	{
		"Recording_ID" : 3045,
		"Actor_ID" : 316
	},
	{
		"Recording_ID" : 3045,
		"Actor_ID" : 317
	},
	{
		"Recording_ID" : 3045,
		"Actor_ID" : 318
	},
	{
		"Recording_ID" : 3045,
		"Actor_ID" : 319
	},
	{
		"Recording_ID" : 3045,
		"Actor_ID" : 320
	},
	{
		"Recording_ID" : 3046,
		"Actor_ID" : 321
	},
	{
		"Recording_ID" : 3046,
		"Actor_ID" : 322
	},
	{
		"Recording_ID" : 3046,
		"Actor_ID" : 323
	},
	{
		"Recording_ID" : 3046,
		"Actor_ID" : 324
	},
	{
		"Recording_ID" : 3046,
		"Actor_ID" : 325
	},
	{
		"Recording_ID" : 3046,
		"Actor_ID" : 326
	},
	{
		"Recording_ID" : 3047,
		"Actor_ID" : 327
	},
	{
		"Recording_ID" : 3047,
		"Actor_ID" : 328
	},
	{
		"Recording_ID" : 3047,
		"Actor_ID" : 329
	},
	{
		"Recording_ID" : 3047,
		"Actor_ID" : 330
	},
	{
		"Recording_ID" : 3048,
		"Actor_ID" : 331
	},
	{
		"Recording_ID" : 3048,
		"Actor_ID" : 332
	},
	{
		"Recording_ID" : 3048,
		"Actor_ID" : 333
	},
	{
		"Recording_ID" : 3048,
		"Actor_ID" : 334
	},
	{
		"Recording_ID" : 3048,
		"Actor_ID" : 335
	},
	{
		"Recording_ID" : 3049,
		"Actor_ID" : 336
	},
	{
		"Recording_ID" : 3049,
		"Actor_ID" : 337
	},
	{
		"Recording_ID" : 3049,
		"Actor_ID" : 338
	},
	{
		"Recording_ID" : 3049,
		"Actor_ID" : 339
	},
	{
		"Recording_ID" : 3049,
		"Actor_ID" : 340
	},
	{
		"Recording_ID" : 3049,
		"Actor_ID" : 341
	},
	{
		"Recording_ID" : 3049,
		"Actor_ID" : 342
	},
	{
		"Recording_ID" : 3049,
		"Actor_ID" : 343
	},
	{
		"Recording_ID" : 3050,
		"Actor_ID" : 344
	},
	{
		"Recording_ID" : 3050,
		"Actor_ID" : 345
	},
	{
		"Recording_ID" : 3050,
		"Actor_ID" : 346
	},
	{
		"Recording_ID" : 3050,
		"Actor_ID" : 347
	},
	{
		"Recording_ID" : 3051,
		"Actor_ID" : 348
	},
	{
		"Recording_ID" : 3051,
		"Actor_ID" : 349
	},
	{
		"Recording_ID" : 3051,
		"Actor_ID" : 350
	},
	{
		"Recording_ID" : 3051,
		"Actor_ID" : 351
	},
	{
		"Recording_ID" : 3051,
		"Actor_ID" : 352
	},
	{
		"Recording_ID" : 3051,
		"Actor_ID" : 353
	},
	{
		"Recording_ID" : 3052,
		"Actor_ID" : 354
	},
	{
		"Recording_ID" : 3052,
		"Actor_ID" : 355
	},
	{
		"Recording_ID" : 3052,
		"Actor_ID" : 356
	},
	{
		"Recording_ID" : 3052,
		"Actor_ID" : 357
	},
	{
		"Recording_ID" : 3052,
		"Actor_ID" : 358
	},
	{
		"Recording_ID" : 3052,
		"Actor_ID" : 359
	},
	{
		"Recording_ID" : 3053,
		"Actor_ID" : 360
	},
	{
		"Recording_ID" : 3053,
		"Actor_ID" : 361
	},
	{
		"Recording_ID" : 3053,
		"Actor_ID" : 362
	},
	{
		"Recording_ID" : 3053,
		"Actor_ID" : 363
	},
	{
		"Recording_ID" : 3053,
		"Actor_ID" : 364
	},
	{
		"Recording_ID" : 3053,
		"Actor_ID" : 365
	},
	{
		"Recording_ID" : 3054,
		"Actor_ID" : 366
	},
	{
		"Recording_ID" : 3054,
		"Actor_ID" : 367
	},
	{
		"Recording_ID" : 3054,
		"Actor_ID" : 368
	},
	{
		"Recording_ID" : 3054,
		"Actor_ID" : 369
	},
	{
		"Recording_ID" : 3054,
		"Actor_ID" : 370
	},
	{
		"Recording_ID" : 3054,
		"Actor_ID" : 371
	}
]
