[
	{
		"Name" : "Francis Ford Coppola",
		"Director_ID" : 1
	},
	{
		"Name" : "Michael Bay",
		"Director_ID" : 2
	},
	{
		"Name" : "Mel Gibson",
		"Director_ID" : 3
	},
	{
		"Name" : "Mimi Leder",
		"Director_ID" : 4
	},
	{
		"Name" : "J. Robert Wagoner",
		"Director_ID" : 5
	},
	{
		"Name" : "Stanley Kubrick",
		"Director_ID" : 6
	},
	{
		"Name" : "Roland Emmerich",
		"Director_ID" : 7
	},
	{
		"Name" : "John McTiernan",
		"Director_ID" : 8
	},
	{
		"Name" : "Tony Scott",
		"Director_ID" : 9
	},
	{
		"Name" : "Jay Roach",
		"Director_ID" : 10
	},
	{
		"Name" : "Harold Ramis",
		"Director_ID" : 11
	},
	{
		"Name" : "Michael Schultz",
		"Director_ID" : 12
	},
	{
		"Name" : "Spike Lee",
		"Director_ID" : 13
	},
	{
		"Name" : "D`Urville Martin",
		"Director_ID" : 14
	},
	{
		"Name" : "Peter Farrelly",
		"Director_ID" : 15
	},
	{
		"Name" : "Terry Gilliam",
		"Director_ID" : 16
	},
	{
		"Name" : "Chris Columbus",
		"Director_ID" : 17
	},
	{
		"Name" : "John Landis",
		"Director_ID" : 18
	},
	{
		"Name" : "Tom Shadyac",
		"Director_ID" : 19
	},
	{
		"Name" : "John Schlesinger",
		"Director_ID" : 20
	},
	{
		"Name" : "Robert Zemeckis",
		"Director_ID" : 21
	},
	{
		"Name" : "Jerry Zucker",
		"Director_ID" : 22
	},
	{
		"Name" : "Victor Fleming",
		"Director_ID" : 23
	},
	{
		"Name" : "Gus Van Sant",
		"Director_ID" : 24
	},
	{
		"Name" : "John Singleton",
		"Director_ID" : 25
	},
	{
		"Name" : "David Anspaugh",
		"Director_ID" : 26
	},
	{
		"Name" : "Frank Darabont",
		"Director_ID" : 27
	},
	{
		"Name" : "George Tillman",
		"Director_ID" : 28
	},
	{
		"Name" : "James Cameron",
		"Director_ID" : 29
	},
	{
		"Name" : "Bernard Rose",
		"Director_ID" : 30
	},
	{
		"Name" : "Brian De Palmas",
		"Director_ID" : 31
	},
	{
		"Name" : "Sean S. Cunningham",
		"Director_ID" : 32
	},
	{
		"Name" : "Rob Reiner",
		"Director_ID" : 33
	},
	{
		"Name" : "Mary Lambert",
		"Director_ID" : 34
	},
	{
		"Name" : "Tobe Hopper",
		"Director_ID" : 35
	},
	{
		"Name" : "Alfred Hitchcock",
		"Director_ID" : 36
	},
	{
		"Name" : "Wes Craven",
		"Director_ID" : 37
	},
	{
		"Name" : "Ridley Scott",
		"Director_ID" : 38
	},
	{
		"Name" : "David Lynch",
		"Director_ID" : 39
	},
	{
		"Name" : "John Boorman",
		"Director_ID" : 40
	},
	{
		"Name" : "Steven Spielberg",
		"Director_ID" : 41
	},
	{
		"Name" : "Johnathan Frakes",
		"Director_ID" : 42
	},
	{
		"Name" : "George Lucas",
		"Director_ID" : 43
	},
	{
		"Name" : "Steven Lisberger",
		"Director_ID" : 44
	},
	{
		"Name" : "Jeremiah Chechik",
		"Director_ID" : 45
	},
	{
		"Name" : "Barry Levinson",
		"Director_ID" : 46
	},
	{
		"Name" : "Harold Becker",
		"Director_ID" : 47
	},
	{
		"Name" : "David Fincher",
		"Director_ID" : 48
	},
	{
		"Name" : "Sydney Pollack",
		"Director_ID" : 49
	},
	{
		"Name" : "Jonathan Demme",
		"Director_ID" : 50
	},
	{
		"Name" : "Bryan Singer",
		"Director_ID" : 51
	}
]
