[
	{
		"Recording_ID" : 3000,
		"Director" : "Francis Ford Coppola",
		"Title" : "Apocalypse Now",
		"Category" : "Action & Adventure",
		"Image_Name" : "apocalypse_now.gif",
		"Duration" : 9180,
		"Rating" : "R",
		"Year_Released" : 1979,
		"Price" : 22.99,
		"Stock_Count" : 0
	},
	{
		"Recording_ID" : 3001,
		"Director" : "Michael Bay",
		"Title" : "Bad Boys",
		"Category" : "Action & Adventure",
		"Image_Name" : "badboys.gif",
		"Duration" : 7140,
		"Rating" : "R",
		"Year_Released" : 1995,
		"Price" : 15.99,
		"Stock_Count" : 782
	},
	{
		"Recording_ID" : 3002,
		"Director" : "Mel Gibson",
		"Title" : "Braveheart",
		"Category" : "Action & Adventure",
		"Image_Name" : "braveheart.gif",
		"Duration" : 10620,
		"Rating" : "R",
		"Year_Released" : 1995,
		"Price" : 14.99,
		"Stock_Count" : 582
	},
	{
		"Recording_ID" : 3003,
		"Director" : "Mimi Leder",
		"Title" : "Deep Impact",
		"Category" : "Action & Adventure",
		"Image_Name" : "deep_impact.gif",
		"Duration" : 5700,
		"Rating" : "PG-13",
		"Year_Released" : 1998,
		"Price" : 11.99,
		"Stock_Count" : 501
	},
	{
		"Recording_ID" : 3004,
		"Director" : "J. Robert Wagoner",
		"Title" : "Disco Godfather",
		"Category" : "Action & Adventure",
		"Image_Name" : "disco_godfather.gif",
		"Duration" : 5580,
		"Rating" : "R",
		"Year_Released" : 1993,
		"Price" : 10.99,
		"Stock_Count" : 872
	},
	{
		"Recording_ID" : 3005,
		"Director" : "Stanley Kubrick",
		"Title" : "Full Metal Jacket",
		"Category" : "Action & Adventure",
		"Image_Name" : "full_metal_jacket.gif",
		"Duration" : 7020,
		"Rating" : "R",
		"Year_Released" : 1987,
		"Price" : 16.99,
		"Stock_Count" : 872
	},
	{
		"Recording_ID" : 3006,
		"Director" : "Roland Emmerich",
		"Title" : "Independence Day",
		"Category" : "Action & Adventure",
		"Image_Name" : "independence_day.gif",
		"Duration" : 8700,
		"Rating" : "PG-13",
		"Year_Released" : 1996,
		"Price" : 16.99,
		"Stock_Count" : 0
	},
	{
		"Recording_ID" : 3007,
		"Director" : "John McTiernan",
		"Title" : "The Hunt for Red October",
		"Category" : "Action & Adventure",
		"Image_Name" : "hunt_for_red_october.gif",
		"Duration" : 8100,
		"Rating" : "PG",
		"Year_Released" : 1990,
		"Price" : 10.99,
		"Stock_Count" : 618
	},
	{
		"Recording_ID" : 3008,
		"Director" : "Michael Bay",
		"Title" : "The Rock",
		"Category" : "Action & Adventure",
		"Image_Name" : "the_rock.gif",
		"Duration" : 8160,
		"Rating" : "R",
		"Year_Released" : 1996,
		"Price" : 20.99,
		"Stock_Count" : 514
	},
	{
		"Recording_ID" : 3009,
		"Director" : "Tony Scott",
		"Title" : "Top Gun",
		"Category" : "Action & Adventure",
		"Image_Name" : "top_gun.gif",
		"Duration" : 6600,
		"Rating" : "PG",
		"Year_Released" : 1986,
		"Price" : 11.99,
		"Stock_Count" : 499
	},
	{
		"Recording_ID" : 3010,
		"Director" : "Jay Roach",
		"Title" : "Austin Powers",
		"Category" : "Comedy",
		"Image_Name" : "austin_powers.gif",
		"Duration" : 5220,
		"Rating" : "PG-13",
		"Year_Released" : 1997,
		"Price" : 17.99,
		"Stock_Count" : 688
	},
	{
		"Recording_ID" : 3011,
		"Director" : "Harold Ramis",
		"Title" : "Caddyshack",
		"Category" : "Comedy",
		"Image_Name" : "caddyshack.gif",
		"Duration" : 5880,
		"Rating" : "R",
		"Year_Released" : 1980,
		"Price" : 18.99,
		"Stock_Count" : 938
	},
	{
		"Recording_ID" : 3012,
		"Director" : "Michael Schultz",
		"Title" : "Car Wash",
		"Category" : "Comedy",
		"Image_Name" : "car_wash.gif",
		"Duration" : 5820,
		"Rating" : "PG",
		"Year_Released" : 1976,
		"Price" : 24.99,
		"Stock_Count" : 0
	},
	{
		"Recording_ID" : 3013,
		"Director" : "Spike Lee",
		"Title" : "Crooklyn",
		"Category" : "Comedy",
		"Image_Name" : "crooklyn.gif",
		"Duration" : 6840,
		"Rating" : "PG-13",
		"Year_Released" : 1994,
		"Price" : 9.99,
		"Stock_Count" : 651
	},
	{
		"Recording_ID" : 3014,
		"Director" : "D`Urville Martin",
		"Title" : "Dolemite",
		"Category" : "Comedy",
		"Image_Name" : "dolemite.gif",
		"Duration" : 5460,
		"Rating" : "R",
		"Year_Released" : 1975,
		"Price" : 19.99,
		"Stock_Count" : 489
	},
	{
		"Recording_ID" : 3015,
		"Director" : "Peter Farrelly",
		"Title" : "Dumb and Dumber",
		"Category" : "Comedy",
		"Image_Name" : "dumb_and_dumber.gif",
		"Duration" : 6600,
		"Rating" : "PG-13",
		"Year_Released" : 1994,
		"Price" : 23.99,
		"Stock_Count" : 973
	},
	{
		"Recording_ID" : 3016,
		"Director" : "Terry Gilliam",
		"Title" : "Monty Python and The Holy Grail",
		"Category" : "Comedy",
		"Image_Name" : "monty_python_holy_grail.gif",
		"Duration" : 5400,
		"Rating" : "PG",
		"Year_Released" : 1975,
		"Price" : 17.99,
		"Stock_Count" : 980
	},
	{
		"Recording_ID" : 3017,
		"Director" : "Chris Columbus",
		"Title" : "Mrs. Doubtfire",
		"Category" : "Comedy",
		"Image_Name" : "mrs_doubtfire.gif",
		"Duration" : 7500,
		"Rating" : "PG-13",
		"Year_Released" : 1993,
		"Price" : 21.99,
		"Stock_Count" : 772
	},
	{
		"Recording_ID" : 3018,
		"Director" : "John Landis",
		"Title" : "The Blues Brothers",
		"Category" : "Comedy",
		"Image_Name" : "blues_brothers.gif",
		"Duration" : 9180,
		"Rating" : "R",
		"Year_Released" : 1980,
		"Price" : 14.99,
		"Stock_Count" : 0
	},
	{
		"Recording_ID" : 3019,
		"Director" : "Tom Shadyac",
		"Title" : "The Nutty Professor",
		"Category" : "Comedy",
		"Image_Name" : "nutty_professor.gif",
		"Duration" : 5700,
		"Rating" : "PG-13",
		"Year_Released" : 1996,
		"Price" : 19.99,
		"Stock_Count" : 925
	},
	{
		"Recording_ID" : 3020,
		"Director" : "John Schlesinger",
		"Title" : "Falcon and the Snowman",
		"Category" : "Drama",
		"Image_Name" : "falcon_snowman.jpg",
		"Duration" : 7860,
		"Rating" : "R",
		"Year_Released" : 1985,
		"Price" : 10.99,
		"Stock_Count" : 995
	},
	{
		"Recording_ID" : 3021,
		"Director" : "Robert Zemeckis",
		"Title" : "Forrest Gump",
		"Category" : "Drama",
		"Image_Name" : "forrest_gump.gif",
		"Duration" : 9420,
		"Rating" : "PG-13",
		"Year_Released" : 1994,
		"Price" : 10.99,
		"Stock_Count" : 496
	},
	{
		"Recording_ID" : 3022,
		"Director" : "Jerry Zucker",
		"Title" : "Ghost",
		"Category" : "Drama",
		"Image_Name" : "ghost.gif",
		"Duration" : 7620,
		"Rating" : "PG-13",
		"Year_Released" : 1990,
		"Price" : 12.99,
		"Stock_Count" : 828
	},
	{
		"Recording_ID" : 3023,
		"Director" : "Victor Fleming",
		"Title" : "Gone With The Wind",
		"Category" : "Drama",
		"Image_Name" : "gone_with_the_wind.gif",
		"Duration" : 13320,
		"Rating" : "NR",
		"Year_Released" : 1939,
		"Price" : 23.99,
		"Stock_Count" : 915
	},
	{
		"Recording_ID" : 3024,
		"Director" : "Gus Van Sant",
		"Title" : "Good Will Hunting",
		"Category" : "Drama",
		"Image_Name" : "good_will_hunting.gif",
		"Duration" : 7560,
		"Rating" : "R",
		"Year_Released" : 1997,
		"Price" : 14.99,
		"Stock_Count" : 0
	},
	{
		"Recording_ID" : 3025,
		"Director" : "John Singleton",
		"Title" : "Poetic Justice",
		"Category" : "Drama",
		"Image_Name" : "poetic_justice.gif",
		"Duration" : 6540,
		"Rating" : "R",
		"Year_Released" : 1993,
		"Price" : 20.99,
		"Stock_Count" : 523
	},
	{
		"Recording_ID" : 3026,
		"Director" : "David Anspaugh",
		"Title" : "Rudy",
		"Category" : "Drama",
		"Image_Name" : "rudy.gif",
		"Duration" : 6840,
		"Rating" : "PG",
		"Year_Released" : 1993,
		"Price" : 15.99,
		"Stock_Count" : 658
	},
	{
		"Recording_ID" : 3027,
		"Director" : "Frank Darabont",
		"Title" : "Shawshank Redemption",
		"Category" : "Drama",
		"Image_Name" : "shawshank_redemption.gif",
		"Duration" : 8520,
		"Rating" : "R",
		"Year_Released" : 1994,
		"Price" : 20.99,
		"Stock_Count" : 529
	},
	{
		"Recording_ID" : 3028,
		"Director" : "George Tillman",
		"Title" : "Soul Food",
		"Category" : "Drama",
		"Image_Name" : "soul_food.gif",
		"Duration" : 6840,
		"Rating" : "R",
		"Year_Released" : 1997,
		"Price" : 11.99,
		"Stock_Count" : 687
	},
	{
		"Recording_ID" : 3029,
		"Director" : "James Cameron",
		"Title" : "Titanic",
		"Category" : "Drama",
		"Image_Name" : "titanic.gif",
		"Duration" : 11640,
		"Rating" : "PG-13",
		"Year_Released" : 1997,
		"Price" : 22.99,
		"Stock_Count" : 917
	},
	{
		"Recording_ID" : 3030,
		"Director" : "Bernard Rose",
		"Title" : "Candyman",
		"Category" : "Horror",
		"Image_Name" : "candyman.gif",
		"Duration" : 5880,
		"Rating" : "R",
		"Year_Released" : 1992,
		"Price" : 15.99,
		"Stock_Count" : 0
	},
	{
		"Recording_ID" : 3031,
		"Director" : "Brian De Palmas",
		"Title" : "Carrie",
		"Category" : "Horror",
		"Image_Name" : "carrie.gif",
		"Duration" : 5880,
		"Rating" : "R",
		"Year_Released" : 1976,
		"Price" : 15.99,
		"Stock_Count" : 855
	},
	{
		"Recording_ID" : 3032,
		"Director" : "Sean S. Cunningham",
		"Title" : "Friday the 13th Pt 1",
		"Category" : "Horror",
		"Image_Name" : "friday_13th_part1.gif",
		"Duration" : 5760,
		"Rating" : "NR",
		"Year_Released" : 1980,
		"Price" : 24.99,
		"Stock_Count" : 903
	},
	{
		"Recording_ID" : 3033,
		"Director" : "Rob Reiner",
		"Title" : "Misery",
		"Category" : "Horror",
		"Image_Name" : "misery.gif",
		"Duration" : 6420,
		"Rating" : "R",
		"Year_Released" : 1990,
		"Price" : 22.99,
		"Stock_Count" : 612
	},
	{
		"Recording_ID" : 3034,
		"Director" : "Mary Lambert",
		"Title" : "Pet Sematary",
		"Category" : "Horror",
		"Image_Name" : "pet_sematary.gif",
		"Duration" : 6180,
		"Rating" : "R",
		"Year_Released" : 1989,
		"Price" : 13.99,
		"Stock_Count" : 887
	},
	{
		"Recording_ID" : 3035,
		"Director" : "Tobe Hopper",
		"Title" : "Poltergeist",
		"Category" : "Horror",
		"Image_Name" : "poltergeist.gif",
		"Duration" : 6900,
		"Rating" : "R",
		"Year_Released" : 1982,
		"Price" : 20.99,
		"Stock_Count" : 821
	},
	{
		"Recording_ID" : 3036,
		"Director" : "Alfred Hitchcock",
		"Title" : "Psycho",
		"Category" : "Horror",
		"Image_Name" : "psycho.gif",
		"Duration" : 6540,
		"Rating" : "R",
		"Year_Released" : 1960,
		"Price" : 15.99,
		"Stock_Count" : 0
	},
	{
		"Recording_ID" : 3037,
		"Director" : "Wes Craven",
		"Title" : "Scream",
		"Category" : "Horror",
		"Image_Name" : "scream.gif",
		"Duration" : 6660,
		"Rating" : "R",
		"Year_Released" : 1996,
		"Price" : 22.99,
		"Stock_Count" : 692
	},
	{
		"Recording_ID" : 3038,
		"Director" : "Ridley Scott",
		"Title" : "Alien",
		"Category" : "Science Fiction",
		"Image_Name" : "alien.gif",
		"Duration" : 6960,
		"Rating" : "R",
		"Year_Released" : 1979,
		"Price" : 19.99,
		"Stock_Count" : 800
	},
	{
		"Recording_ID" : 3039,
		"Director" : "Stanley Kubrick",
		"Title" : "Clockwork Orange",
		"Category" : "Science Fiction",
		"Image_Name" : "clockwork_orange.gif",
		"Duration" : 8220,
		"Rating" : "R",
		"Year_Released" : 1971,
		"Price" : 13.99,
		"Stock_Count" : 400
	},
	{
		"Recording_ID" : 3040,
		"Director" : "Robert Zemeckis",
		"Title" : "Contact",
		"Category" : "Science Fiction",
		"Image_Name" : "contact.gif",
		"Duration" : 9000,
		"Rating" : "PG",
		"Year_Released" : 1997,
		"Price" : 10.99,
		"Stock_Count" : 547
	},
	{
		"Recording_ID" : 3041,
		"Director" : "David Lynch",
		"Title" : "Dune",
		"Category" : "Science Fiction",
		"Image_Name" : "dune.gif",
		"Duration" : 8220,
		"Rating" : "PG-13",
		"Year_Released" : 1984,
		"Price" : 10.99,
		"Stock_Count" : 962
	},
	{
		"Recording_ID" : 3042,
		"Director" : "John Boorman",
		"Title" : "Excalibur",
		"Category" : "Science Fiction",
		"Image_Name" : "excalibur.gif",
		"Duration" : 8400,
		"Rating" : "PG",
		"Year_Released" : 1981,
		"Price" : 15.99,
		"Stock_Count" : 0
	},
	{
		"Recording_ID" : 3043,
		"Director" : "Steven Spielberg",
		"Title" : "Jurassic Park",
		"Category" : "Science Fiction",
		"Image_Name" : "jurassic_park.gif",
		"Duration" : 7620,
		"Rating" : "PG-13",
		"Year_Released" : 1993,
		"Price" : 20.99,
		"Stock_Count" : 806
	},
	{
		"Recording_ID" : 3044,
		"Director" : "Johnathan Frakes",
		"Title" : "Star Trek: First Contact",
		"Category" : "Science Fiction",
		"Image_Name" : "star_trek_first_contact.gif",
		"Duration" : 6660,
		"Rating" : "PG-13",
		"Year_Released" : 1996,
		"Price" : 11.99,
		"Stock_Count" : 593
	},
	{
		"Recording_ID" : 3045,
		"Director" : "George Lucas",
		"Title" : "Star Wars",
		"Category" : "Science Fiction",
		"Image_Name" : "star_wars.gif",
		"Duration" : 7260,
		"Rating" : "PG",
		"Year_Released" : 1977,
		"Price" : 13.99,
		"Stock_Count" : 720
	},
	{
		"Recording_ID" : 3046,
		"Director" : "Steven Lisberger",
		"Title" : "Tron",
		"Category" : "Science Fiction",
		"Image_Name" : "tron.gif",
		"Duration" : 5700,
		"Rating" : "PG",
		"Year_Released" : 1982,
		"Price" : 12.99,
		"Stock_Count" : 653
	},
	{
		"Recording_ID" : 3047,
		"Director" : "Jeremiah Chechik",
		"Title" : "Diabolique",
		"Category" : "Suspense",
		"Image_Name" : "diabolique.gif",
		"Duration" : 6480,
		"Rating" : "R",
		"Year_Released" : 1996,
		"Price" : 15.99,
		"Stock_Count" : 421
	},
	{
		"Recording_ID" : 3048,
		"Director" : "Barry Levinson",
		"Title" : "Disclosure",
		"Category" : "Suspense",
		"Image_Name" : "disclosure.gif",
		"Duration" : 7740,
		"Rating" : "R",
		"Year_Released" : 1994,
		"Price" : 23.99,
		"Stock_Count" : 0
	},
	{
		"Recording_ID" : 3049,
		"Director" : "Harold Becker",
		"Title" : "Malice",
		"Category" : "Suspense",
		"Image_Name" : "malice.gif",
		"Duration" : 6360,
		"Rating" : "R",
		"Year_Released" : 1993,
		"Price" : 23.99,
		"Stock_Count" : 752
	},
	{
		"Recording_ID" : 3050,
		"Director" : "David Fincher",
		"Title" : "Seven",
		"Category" : "Suspense",
		"Image_Name" : "seven.gif",
		"Duration" : 7620,
		"Rating" : "R",
		"Year_Released" : 1995,
		"Price" : 14.99,
		"Stock_Count" : 421
	},
	{
		"Recording_ID" : 3051,
		"Director" : "Sydney Pollack",
		"Title" : "The Firm",
		"Category" : "Suspense",
		"Image_Name" : "the_firm.gif",
		"Duration" : 9240,
		"Rating" : "R",
		"Year_Released" : 1993,
		"Price" : 17.99,
		"Stock_Count" : 655
	},
	{
		"Recording_ID" : 3052,
		"Director" : "David Fincher",
		"Title" : "The Game",
		"Category" : "Suspense",
		"Image_Name" : "the_game.gif",
		"Duration" : 6900,
		"Rating" : "R",
		"Year_Released" : 1997,
		"Price" : 21.99,
		"Stock_Count" : 581
	},
	{
		"Recording_ID" : 3053,
		"Director" : "Jonathan Demme",
		"Title" : "The Silence of the Lambs",
		"Category" : "Suspense",
		"Image_Name" : "silence_of_the_lambs.gif",
		"Duration" : 7080,
		"Rating" : "R",
		"Year_Released" : 1991,
		"Price" : 22.99,
		"Stock_Count" : 817
	},
	{
		"Recording_ID" : 3054,
		"Director" : "Bryan Singer",
		"Title" : "The Usual Suspects",
		"Category" : "Suspense",
		"Image_Name" : "usual_suspects.gif",
		"Duration" : 6360,
		"Rating" : "R",
		"Year_Released" : 1995,
		"Price" : 23.99,
		"Stock_Count" : 0
	}
]
